ID,Name
1,neg_1
2,neg_2
3,neg_3
4,neg_4
5,neg_5
6,neg_6
7,neg_7
8,neg_8
9,neg_9
10,neg_10
11,neg_11
12,neg_12
13,neg_13
14,neg_14
15,neg_15
16,neg_16
17,neg_17
18,neg_18
19,neg_19
20,neg_20
21,neg_21
22,neg_22
23,neg_23
24,neg_24
25,neg_25
26,neg_26
27,neg_27
28,neg_28
29,neg_29
30,neg_30
31,neg_31
32,neg_32
33,neg_33
34,neg_34
35,neg_35
36,neg_36
37,neg_37
38,neg_38
39,neg_39
40,neg_40
41,neg_41
42,neg_42
43,neg_43
44,neg_44
45,neg_45
46,neg_46
47,neg_47
48,neg_48
49,neg_49
50,neg_50
51,neg_51
52,neg_52
53,neg_53
54,neg_54
55,neg_55
56,neg_56
57,neg_57
58,neg_58
59,neg_59
60,neg_60
61,neg_61
62,neg_62
63,neg_63
64,neg_64
65,neg_65
66,neg_66
67,neg_67
68,neg_68
69,neg_69
70,neg_70
71,neg_71
72,neg_72
73,neg_73
74,neg_74
75,neg_75
76,neg_76
77,neg_77
78,neg_78
79,neg_79
80,neg_80
81,neg_81
82,neg_82
83,neg_83
84,neg_84
85,neg_85
86,neg_86
87,neg_87
88,neg_88
89,neg_89
90,neg_90
91,neg_91
92,neg_92
93,neg_93
94,neg_94
95,neg_95
96,neg_96
97,neg_97
98,neg_98
99,neg_99
100,neg_100
101,neg_101
102,neg_102
103,neg_103
104,neg_104
105,neg_105
106,neg_106
107,neg_107
108,neg_108
109,neg_109
110,neg_110
111,neg_111
112,neg_112
113,neg_113
114,neg_114
115,neg_115
116,neg_116
117,neg_117
118,neg_118
119,neg_119
120,neg_120
121,neg_121
122,neg_122
123,neg_123
124,neg_124
125,neg_125
126,neg_126
127,neg_127
128,neg_128
129,neg_129
130,neg_130
131,neg_131
132,neg_132
133,neg_133
134,neg_134
135,neg_135
136,neg_136
137,neg_137
138,neg_138
139,neg_139
140,neg_140
141,neg_141
142,neg_142
143,neg_143
144,neg_144
145,neg_145
146,neg_146
147,neg_147
148,neg_148
149,neg_149
150,neg_150
151,neg_151
152,neg_152
153,neg_153
154,neg_154
155,neg_155
156,neg_156
157,neg_157
158,neg_158
159,neg_159
160,neg_160
161,neg_161
162,neg_162
163,neg_163
164,neg_164
165,neg_165
166,neg_166
167,neg_167
168,neg_168
169,neg_169
170,neg_170
171,neg_171
172,neg_172
173,neg_173
174,neg_174
175,neg_175
176,neg_176
177,neg_177
178,neg_178
179,neg_179
180,neg_180
181,neg_181
182,neg_182
183,neg_183
184,neg_184
185,neg_185
186,neg_186
187,neg_187
188,neg_188
189,neg_189
190,neg_190
191,neg_191
192,neg_192
193,neg_193
194,neg_194
195,neg_195
196,neg_196
197,neg_197
198,neg_198
199,neg_199
200,neg_200
201,neg_201
202,neg_202
203,neg_203
204,neg_204
205,neg_205
206,neg_206
207,neg_207
208,neg_208
209,neg_209
210,neg_210
211,neg_211
212,neg_212
213,neg_213
214,neg_214
215,neg_215
216,neg_216
217,neg_217
218,neg_218
219,neg_219
220,neg_220
221,neg_221
222,neg_222
223,neg_223
224,neg_224
225,neg_225
226,neg_226
227,neg_227
228,neg_228
229,neg_229
230,neg_230
231,neg_231
232,neg_232
233,neg_233
234,neg_234
235,neg_235
236,neg_236
237,neg_237
238,neg_238
239,neg_239
240,neg_240
241,neg_241
242,neg_242
243,neg_243
244,neg_244
245,neg_245
246,neg_246
247,neg_247
248,neg_248
249,neg_249
250,neg_250
251,neg_251
252,neg_252
253,neg_253
254,neg_254
255,neg_255
256,neg_256
257,neg_257
258,neg_258
259,neg_259
260,neg_260
261,neg_261
262,neg_262
263,neg_263
264,neg_264
265,neg_265
266,neg_266
267,neg_267
268,neg_268
269,neg_269
270,neg_270
271,neg_271
272,neg_272
273,neg_273
274,neg_274
275,neg_275
276,neg_276
277,neg_277
278,neg_278
279,neg_279
280,neg_280
281,neg_281
282,neg_282
283,neg_283
284,neg_284
285,neg_285
286,neg_286
287,neg_287
288,neg_288
289,neg_289
290,neg_290
291,neg_291
292,neg_292
293,neg_293
294,neg_294
295,neg_295
296,neg_296
297,neg_297
298,neg_298
299,neg_299
300,neg_300
301,neg_301
302,neg_302
303,neg_303
304,neg_304
305,neg_305
306,neg_306
307,neg_307
308,neg_308
309,neg_309
310,neg_310
311,neg_311
312,neg_312
313,neg_313
314,neg_314
315,neg_315
316,neg_316
317,neg_317
318,neg_318
319,neg_319
320,neg_320
321,neg_321
322,neg_322
323,neg_323
324,neg_324
325,neg_325
326,neg_326
327,neg_327
328,neg_328
329,neg_329
330,neg_330
331,neg_331
332,neg_332
333,neg_333
334,neg_334
335,neg_335
336,neg_336
337,neg_337
338,neg_338
339,neg_339
340,neg_340
341,neg_341
342,neg_342
343,neg_343
344,neg_344
345,neg_345
346,neg_346
347,neg_347
348,neg_348
349,neg_349
350,neg_350
351,neg_351
352,neg_352
353,neg_353
354,neg_354
355,neg_355
356,neg_356
357,neg_357
358,neg_358
359,neg_359
360,neg_360
361,neg_361
362,neg_362
363,neg_363
364,neg_364
365,neg_365
366,neg_366
367,neg_367
368,neg_368
369,neg_369
370,neg_370
371,neg_371
372,neg_372
373,neg_373
374,neg_374
375,neg_375
376,neg_376
377,neg_377
378,neg_378
379,neg_379
380,neg_380
381,neg_381
382,neg_382
383,neg_383
384,neg_384
385,neg_385
386,neg_386
387,neg_387
388,neg_388
389,neg_389
390,neg_390
391,neg_391
392,neg_392
393,neg_393
394,neg_394
395,neg_395
396,neg_396
397,neg_397
398,neg_398
399,neg_399
400,neg_400
401,neg_401
402,neg_402
403,neg_403
404,neg_404
405,neg_405
406,neg_406
407,neg_407
408,neg_408
409,neg_409
410,neg_410
411,neg_411
412,neg_412
413,neg_413
414,neg_414
415,neg_415
416,neg_416
417,neg_417
418,neg_418
419,neg_419
420,neg_420
421,neg_421
422,neg_422
423,neg_423
424,neg_424
425,neg_425
426,neg_426
427,neg_427
428,neg_428
429,neg_429
430,neg_430
431,neg_431
432,neg_432
433,neg_433
434,neg_434
435,neg_435
436,neg_436
437,neg_437
438,neg_438
439,neg_439
440,neg_440
441,neg_441
442,neg_442
443,neg_443
444,neg_444
445,neg_445
446,neg_446
447,neg_447
448,neg_448
449,neg_449
450,neg_450
451,neg_451
452,neg_452
453,neg_453
454,neg_454
455,neg_455
456,neg_456
457,neg_457
458,neg_458
459,neg_459
460,neg_460
461,neg_461
462,neg_462
463,neg_463
464,neg_464
465,neg_465
466,neg_466
467,neg_467
468,neg_468
469,neg_469
470,neg_470
471,neg_471
472,neg_472
473,neg_473
474,neg_474
475,neg_475
476,neg_476
477,neg_477
478,neg_478
479,neg_479
480,neg_480
481,neg_481
482,neg_482
483,neg_483
484,neg_484
485,neg_485
486,neg_486
487,neg_487
488,neg_488
489,neg_489
490,neg_490
491,neg_491
492,neg_492
493,neg_493
494,neg_494
495,neg_495
496,neg_496
497,neg_497
498,neg_498
499,neg_499
500,neg_500
501,neg_501
502,neg_502
503,neg_503
504,neg_504
505,neg_505
506,neg_506
507,neg_507
508,neg_508
509,neg_509
510,neg_510
511,neg_511
512,neg_512
513,neg_513
514,neg_514
515,neg_515
516,neg_516
517,neg_517
518,neg_518
519,neg_519
520,neg_520
521,neg_521
522,neg_522
523,neg_523
524,neg_524
525,neg_525
526,neg_526
527,neg_527
528,neg_528
529,neg_529
530,neg_530
531,neg_531
532,neg_532
533,neg_533
534,neg_534
535,neg_535
536,neg_536
537,neg_537
538,neg_538
539,neg_539
540,neg_540
541,neg_541
542,neg_542
543,neg_543
544,neg_544
545,neg_545
546,neg_546
547,neg_547
548,neg_548
549,neg_549
550,neg_550
551,neg_551
552,neg_552
553,neg_553
554,neg_554
555,neg_555
556,neg_556
557,neg_557
558,neg_558
559,neg_559
560,neg_560
561,neg_561
562,neg_562
563,neg_563
564,neg_564
565,neg_565
566,neg_566
567,neg_567
568,neg_568
569,neg_569
570,neg_570
571,neg_571
572,neg_572
573,neg_573
574,neg_574
575,neg_575
576,neg_576
577,neg_577
578,neg_578
579,neg_579
580,neg_580
581,neg_581
582,neg_582
583,neg_583
584,neg_584
585,neg_585
586,neg_586
587,neg_587
588,neg_588
589,neg_589
590,neg_590
591,neg_591
592,neg_592
593,neg_593
594,neg_594
595,neg_595
596,neg_596
597,neg_597
598,neg_598
599,neg_599
600,neg_600
601,neg_601
602,neg_602
603,neg_603
604,neg_604
605,neg_605
606,neg_606
607,neg_607
608,neg_608
609,neg_609
610,neg_610
611,neg_611
612,neg_612
613,neg_613
614,neg_614
615,neg_615
616,neg_616
617,neg_617
618,neg_618
619,neg_619
620,neg_620
621,neg_621
622,neg_622
623,neg_623
624,neg_624
625,neg_625
626,neg_626
627,neg_627
628,neg_628
629,neg_629
630,neg_630
631,neg_631
632,neg_632
633,neg_633
634,neg_634
635,neg_635
636,neg_636
637,neg_637
638,neg_638
639,neg_639
640,neg_640
641,neg_641
642,neg_642
643,neg_643
644,neg_644
645,neg_645
646,neg_646
647,neg_647
648,neg_648
649,neg_649
650,neg_650
651,neg_651
652,neg_652
653,neg_653
654,neg_654
655,neg_655
656,neg_656
657,neg_657
658,neg_658
659,neg_659
660,neg_660
661,neg_661
662,neg_662
663,neg_663
664,neg_664
665,neg_665
666,neg_666
667,neg_667
668,neg_668
669,neg_669
670,neg_670
671,neg_671
672,neg_672
673,neg_673
674,neg_674
675,neg_675
676,neg_676
677,neg_677
678,neg_678
679,neg_679
680,neg_680
681,neg_681
682,neg_682
683,neg_683
684,neg_684
685,neg_685
686,neg_686
687,neg_687
688,neg_688
689,neg_689
690,neg_690
691,neg_691
692,neg_692
693,neg_693
694,neg_694
695,neg_695
696,neg_696
697,neg_697
698,neg_698
699,neg_699
700,neg_700
701,neg_701
702,neg_702
703,neg_703
704,neg_704
705,neg_705
706,neg_706
707,neg_707
708,neg_708
709,neg_709
710,neg_710
711,neg_711
712,neg_712
713,neg_713
714,neg_714
715,neg_715
716,neg_716
717,neg_717
718,neg_718
719,neg_719
720,neg_720
721,neg_721
722,neg_722
723,neg_723
724,neg_724
725,neg_725
726,neg_726
727,neg_727
728,neg_728
729,neg_729
730,neg_730
731,neg_731
732,neg_732
733,neg_733
734,neg_734
735,neg_735
736,neg_736
737,neg_737
738,neg_738
739,neg_739
740,neg_740
741,neg_741
742,neg_742
743,neg_743
744,neg_744
745,neg_745
746,neg_746
747,neg_747
748,neg_748
749,neg_749
750,neg_750
751,neg_751
752,neg_752
753,neg_753
754,neg_754
755,neg_755
756,neg_756
757,neg_757
758,neg_758
759,neg_759
760,neg_760
761,neg_761
762,neg_762
763,neg_763
764,neg_764
765,neg_765
766,neg_766
767,neg_767
768,neg_768
769,neg_769
770,neg_770
771,neg_771
772,neg_772
773,neg_773
774,neg_774
775,neg_775
776,neg_776
777,neg_777
778,neg_778
779,neg_779
780,neg_780
781,neg_781
782,neg_782
783,neg_783
784,neg_784
785,neg_785
786,neg_786
787,neg_787
788,neg_788
789,neg_789
790,neg_790
791,neg_791
792,neg_792
793,neg_793
794,neg_794
795,neg_795
796,neg_796
797,neg_797
798,neg_798
799,neg_799
800,neg_800
801,neg_801
802,neg_802
803,neg_803
804,neg_804
805,neg_805
806,neg_806
807,neg_807
808,neg_808
809,neg_809
810,neg_810
811,neg_811
812,neg_812
813,neg_813
814,neg_814
815,neg_815
816,neg_816
817,neg_817
818,neg_818
819,neg_819
820,neg_820
821,neg_821
822,neg_822
823,neg_823
824,neg_824
825,neg_825
826,neg_826
827,neg_827
828,neg_828
829,neg_829
830,neg_830
831,neg_831
832,neg_832
833,neg_833
834,neg_834
835,neg_835
836,neg_836
837,neg_837
838,neg_838
839,neg_839
840,neg_840
841,neg_841
842,neg_842
843,neg_843
844,neg_844
845,neg_845
846,neg_846
847,neg_847
848,neg_848
849,neg_849
850,neg_850
851,neg_851
852,neg_852
853,neg_853
854,neg_854
855,neg_855
856,neg_856
857,neg_857
858,neg_858
859,neg_859
860,neg_860
861,neg_861
862,neg_862
863,neg_863
864,neg_864
865,neg_865
866,neg_866
867,neg_867
868,neg_868
869,neg_869
870,neg_870
871,neg_871
872,neg_872
873,neg_873
874,neg_874
875,neg_875
876,neg_876
877,neg_877
878,neg_878
879,neg_879
880,neg_880
881,neg_881
882,neg_882
883,neg_883
884,neg_884
885,neg_885
886,neg_886
887,neg_887
888,neg_888
889,neg_889
890,neg_890
891,neg_891
892,neg_892
893,neg_893
894,neg_894
895,neg_895
896,neg_896
897,neg_897
898,neg_898
899,neg_899
900,neg_900
901,neg_901
902,neg_902
903,neg_903
904,neg_904
905,neg_905
906,neg_906
907,neg_907
908,neg_908
909,neg_909
910,neg_910
911,neg_911
912,neg_912
913,neg_913
914,neg_914
915,neg_915
916,neg_916
917,neg_917
918,neg_918
919,neg_919
920,neg_920
921,neg_921
922,neg_922
923,neg_923
924,neg_924
925,neg_925
926,neg_926
927,neg_927
928,neg_928
929,neg_929
930,neg_930
931,neg_931
932,neg_932
933,neg_933
934,neg_934
935,neg_935
936,neg_936
937,neg_937
938,neg_938
939,neg_939
940,neg_940
941,neg_941
942,neg_942
943,neg_943
944,neg_944
945,neg_945
946,neg_946
947,neg_947
948,neg_948
949,neg_949
950,neg_950
951,neg_951
952,neg_952
953,neg_953
954,neg_954
955,neg_955
956,neg_956
957,neg_957
958,neg_958
959,neg_959
960,neg_960
961,neg_961
962,neg_962
963,neg_963
964,neg_964
965,neg_965
966,neg_966
967,neg_967
968,neg_968
969,neg_969
970,neg_970
971,neg_971
972,neg_972
973,neg_973
974,neg_974
975,neg_975
976,neg_976
977,neg_977
978,neg_978
979,neg_979
980,neg_980
981,neg_981
982,neg_982
983,neg_983
984,neg_984
985,neg_985
986,neg_986
987,neg_987
988,neg_988
989,neg_989
990,neg_990
991,neg_991
992,neg_992
993,neg_993
994,neg_994
995,neg_995
996,neg_996
997,neg_997
998,neg_998
999,neg_999
1000,neg_1000
1001,neg_1001
1002,neg_1002
1003,neg_1003
1004,neg_1004
1005,neg_1005
1006,neg_1006
1007,neg_1007
1008,neg_1008
1009,neg_1009
1010,neg_1010
1011,neg_1011
1012,neg_1012
1013,neg_1013
1014,neg_1014
1015,neg_1015
1016,neg_1016
1017,neg_1017
1018,neg_1018
1019,neg_1019
1020,neg_1020
1021,neg_1021
1022,neg_1022
1023,neg_1023
1024,neg_1024
1025,neg_1025
1026,neg_1026
1027,neg_1027
1028,neg_1028
1029,neg_1029
1030,neg_1030
1031,neg_1031
1032,neg_1032
1033,neg_1033
1034,neg_1034
1035,neg_1035
1036,neg_1036
1037,neg_1037
1038,neg_1038
1039,neg_1039
1040,neg_1040
1041,neg_1041
1042,neg_1042
1043,neg_1043
1044,neg_1044
1045,neg_1045
1046,neg_1046
1047,neg_1047
1048,neg_1048
1049,neg_1049
1050,neg_1050
1051,neg_1051
1052,neg_1052
1053,neg_1053
1054,neg_1054
1055,neg_1055
1056,neg_1056
1057,neg_1057
1058,neg_1058
1059,neg_1059
1060,neg_1060
1061,neg_1061
1062,neg_1062
1063,neg_1063
1064,neg_1064
1065,neg_1065
1066,neg_1066
1067,neg_1067
1068,neg_1068
1069,neg_1069
1070,neg_1070
1071,neg_1071
1072,neg_1072
1073,neg_1073
1074,neg_1074
1075,neg_1075
1076,neg_1076
1077,neg_1077
1078,neg_1078
1079,neg_1079
1080,neg_1080
1081,neg_1081
1082,neg_1082
1083,neg_1083
1084,neg_1084
1085,neg_1085
1086,neg_1086
1087,neg_1087
1088,neg_1088
1089,neg_1089
1090,neg_1090
1091,neg_1091
1092,neg_1092
1093,neg_1093
1094,neg_1094
1095,neg_1095
1096,neg_1096
1097,neg_1097
1098,neg_1098
1099,neg_1099
1100,neg_1100
1101,neg_1101
1102,neg_1102
1103,neg_1103
1104,neg_1104
1105,neg_1105
1106,neg_1106
1107,neg_1107
1108,neg_1108
1109,neg_1109
1110,neg_1110
1111,neg_1111
1112,neg_1112
1113,neg_1113
1114,neg_1114
1115,neg_1115
1116,neg_1116
1117,neg_1117
1118,neg_1118
1119,neg_1119
1120,neg_1120
1121,neg_1121
1122,neg_1122
1123,neg_1123
1124,neg_1124
1125,neg_1125
1126,neg_1126
1127,neg_1127
1128,neg_1128
1129,neg_1129
1130,neg_1130
1131,neg_1131
1132,neg_1132
1133,neg_1133
1134,neg_1134
1135,neg_1135
1136,neg_1136
1137,neg_1137
1138,neg_1138
1139,neg_1139
1140,neg_1140
1141,neg_1141
1142,neg_1142
1143,neg_1143
1144,neg_1144
1145,neg_1145
1146,neg_1146
1147,neg_1147
1148,neg_1148
1149,neg_1149
1150,neg_1150
1151,neg_1151
1152,neg_1152
1153,neg_1153
1154,neg_1154
1155,neg_1155
1156,neg_1156
1157,neg_1157
1158,neg_1158
1159,neg_1159
1160,neg_1160
1161,neg_1161
1162,neg_1162
1163,neg_1163
1164,neg_1164
1165,neg_1165
1166,neg_1166
1167,neg_1167
1168,neg_1168
1169,neg_1169
1170,neg_1170
1171,neg_1171
1172,neg_1172
1173,neg_1173
1174,neg_1174
1175,neg_1175
1176,neg_1176
1177,neg_1177
1178,neg_1178
1179,neg_1179
1180,neg_1180
1181,neg_1181
1182,neg_1182
1183,neg_1183
1184,neg_1184
1185,neg_1185
1186,neg_1186
1187,neg_1187
1188,neg_1188
1189,neg_1189
1190,neg_1190
1191,neg_1191
1192,neg_1192
1193,neg_1193
1194,neg_1194
1195,neg_1195
1196,neg_1196
1197,neg_1197
1198,neg_1198
1199,neg_1199
1200,neg_1200
1201,neg_1201
1202,neg_1202
1203,neg_1203
1204,neg_1204
1205,neg_1205
1206,neg_1206
1207,neg_1207
1208,neg_1208
1209,neg_1209
1210,neg_1210
1211,neg_1211
1212,neg_1212
1213,neg_1213
1214,neg_1214
1215,neg_1215
1216,neg_1216
1217,neg_1217
1218,neg_1218
1219,neg_1219
1220,neg_1220
1221,neg_1221
1222,neg_1222
1223,neg_1223
1224,neg_1224
1225,neg_1225
1226,neg_1226
1227,neg_1227
1228,neg_1228
1229,neg_1229
1230,neg_1230
1231,neg_1231
1232,neg_1232
1233,neg_1233
1234,neg_1234
1235,neg_1235
1236,neg_1236
1237,neg_1237
1238,neg_1238
1239,neg_1239
1240,neg_1240
1241,neg_1241
1242,neg_1242
1243,neg_1243
1244,neg_1244
1245,neg_1245
1246,neg_1246
1247,neg_1247
1248,neg_1248
1249,neg_1249
1250,neg_1250
1251,neg_1251
1252,neg_1252
1253,neg_1253
1254,neg_1254
1255,neg_1255
1256,neg_1256
1257,neg_1257
1258,neg_1258
1259,neg_1259
1260,neg_1260
1261,neg_1261
1262,neg_1262
1263,neg_1263
1264,neg_1264
1265,neg_1265
1266,neg_1266
1267,neg_1267
1268,neg_1268
1269,neg_1269
1270,neg_1270
1271,neg_1271
1272,neg_1272
1273,neg_1273
1274,neg_1274
1275,neg_1275
1276,neg_1276
1277,neg_1277
1278,neg_1278
1279,neg_1279
1280,neg_1280
1281,neg_1281
1282,neg_1282
1283,neg_1283
1284,neg_1284
1285,neg_1285
1286,neg_1286
1287,neg_1287
1288,neg_1288
1289,neg_1289
1290,neg_1290
1291,neg_1291
1292,neg_1292
1293,neg_1293
1294,neg_1294
1295,neg_1295
1296,neg_1296
1297,neg_1297
1298,neg_1298
1299,neg_1299
1300,neg_1300
1301,neg_1301
1302,neg_1302
1303,neg_1303
1304,neg_1304
1305,neg_1305
1306,neg_1306
1307,neg_1307
1308,neg_1308
1309,neg_1309
1310,neg_1310
1311,neg_1311
1312,neg_1312
1313,neg_1313
1314,neg_1314
1315,neg_1315
1316,neg_1316
1317,neg_1317
1318,neg_1318
1319,neg_1319
1320,neg_1320
1321,neg_1321
1322,neg_1322
1323,neg_1323
1324,neg_1324
1325,neg_1325
1326,neg_1326
1327,neg_1327
1328,neg_1328
1329,neg_1329
1330,neg_1330
1331,neg_1331
1332,neg_1332
1333,neg_1333
1334,neg_1334
1335,neg_1335
1336,neg_1336
1337,neg_1337
1338,neg_1338
1339,neg_1339
1340,neg_1340
1341,neg_1341
1342,neg_1342
1343,neg_1343
1344,neg_1344
1345,neg_1345
1346,neg_1346
1347,neg_1347
1348,neg_1348
1349,neg_1349
1350,neg_1350
1351,neg_1351
1352,neg_1352
1353,neg_1353
1354,neg_1354
1355,neg_1355
1356,pos_1
1357,pos_2
1358,pos_3
1359,pos_4
1360,pos_5
1361,pos_6
1362,pos_7
1363,pos_8
1364,pos_9
1365,pos_10
1366,pos_11
1367,pos_12
1368,pos_13
1369,pos_14
1370,pos_15
1371,pos_16
1372,pos_17
1373,pos_18
1374,pos_19
1375,pos_20
1376,pos_21
1377,pos_22
1378,pos_23
1379,pos_24
1380,pos_25
1381,pos_26
1382,pos_27
1383,pos_28
1384,pos_29
1385,pos_30
1386,pos_31
1387,pos_32
1388,pos_33
1389,pos_34
1390,pos_35
1391,pos_36
1392,pos_37
1393,pos_38
1394,pos_39
1395,pos_40
1396,pos_41
1397,pos_42
1398,pos_43
1399,pos_44
1400,pos_45
1401,pos_46
1402,pos_47
1403,pos_48
1404,pos_49
1405,pos_50
1406,pos_51
1407,pos_52
1408,pos_53
1409,pos_54
1410,pos_55
1411,pos_56
1412,pos_57
1413,pos_58
1414,pos_59
1415,pos_60
1416,pos_61
1417,pos_62
1418,pos_63
1419,pos_64
1420,pos_65
1421,pos_66
1422,pos_67
1423,pos_68
1424,pos_69
1425,pos_70
1426,pos_71
1427,pos_72
1428,pos_73
1429,pos_74
1430,pos_75
1431,pos_76
1432,pos_77
1433,pos_78
1434,pos_79
1435,pos_80
1436,pos_81
1437,pos_82
1438,pos_83
1439,pos_84
1440,pos_85
1441,pos_86
1442,pos_87
1443,pos_88
1444,pos_89
1445,pos_90
1446,pos_91
1447,pos_92
1448,pos_93
1449,pos_94
1450,pos_95
1451,pos_96
1452,pos_97
1453,pos_98
1454,pos_99
1455,pos_100
1456,pos_101
1457,pos_102
1458,pos_103
1459,pos_104
1460,pos_105
1461,pos_106
1462,pos_107
1463,pos_108
1464,pos_109
1465,pos_110
1466,pos_111
1467,pos_112
1468,pos_113
1469,pos_114
1470,pos_115
1471,pos_116
1472,pos_117
1473,pos_118
1474,pos_119
1475,pos_120
1476,pos_121
1477,pos_122
1478,pos_123
1479,pos_124
1480,pos_125
1481,pos_126
1482,pos_127
1483,pos_128
1484,pos_129
1485,pos_130
1486,pos_131
1487,pos_132
1488,pos_133
1489,pos_134
1490,pos_135
1491,pos_136
1492,pos_137
1493,pos_138
1494,pos_139
1495,pos_140
1496,pos_141
1497,pos_142
1498,pos_143
1499,pos_144
1500,pos_145
1501,pos_146
1502,pos_147
1503,pos_148
1504,pos_149
1505,pos_150
1506,pos_151
1507,pos_152
1508,pos_153
1509,pos_154
1510,pos_155
1511,pos_156
1512,pos_157
1513,pos_158
1514,pos_159
1515,pos_160
1516,pos_161
1517,pos_162
1518,pos_163
1519,pos_164
1520,pos_165
1521,pos_166
1522,pos_167
1523,pos_168
1524,pos_169
1525,pos_170
1526,pos_171
1527,pos_172
1528,pos_173
1529,pos_174
1530,pos_175
1531,pos_176
1532,pos_177
1533,pos_178
1534,pos_179
1535,pos_180
1536,pos_181
1537,pos_182
1538,pos_183
1539,pos_184
1540,pos_185
1541,pos_186
1542,pos_187
1543,pos_188
1544,pos_189
1545,pos_190
1546,pos_191
1547,pos_192
1548,pos_193
1549,pos_194
1550,pos_195
1551,pos_196
1552,pos_197
1553,pos_198
1554,pos_199
1555,pos_200
1556,pos_201
1557,pos_202
1558,pos_203
1559,pos_204
1560,pos_205
1561,pos_206
1562,pos_207
1563,pos_208
1564,pos_209
1565,pos_210
1566,pos_211
1567,pos_212
1568,pos_213
1569,pos_214
1570,pos_215
1571,pos_216
1572,pos_217
1573,pos_218
1574,pos_219
1575,pos_220
1576,pos_221
1577,pos_222
1578,pos_223
1579,pos_224
1580,pos_225
1581,pos_226
1582,pos_227
1583,pos_228
1584,pos_229
1585,pos_230
1586,pos_231
1587,pos_232
1588,pos_233
1589,pos_234
1590,pos_235
1591,pos_236
1592,pos_237
1593,pos_238
1594,pos_239
1595,pos_240
1596,pos_241
1597,pos_242
1598,pos_243
1599,pos_244
1600,pos_245
1601,pos_246
1602,pos_247
1603,pos_248
1604,pos_249
1605,pos_250
1606,pos_251
1607,pos_252
1608,pos_253
1609,pos_254
1610,pos_255
1611,pos_256
1612,pos_257
1613,pos_258
1614,pos_259
1615,pos_260
1616,pos_261
1617,pos_262
1618,pos_263
1619,pos_264
1620,pos_265
1621,pos_266
1622,pos_267
1623,pos_268
1624,pos_269
1625,pos_270
1626,pos_271
1627,pos_272
1628,pos_273
1629,pos_274
1630,pos_275
1631,pos_276
1632,pos_277
1633,pos_278
1634,pos_279
1635,pos_280
1636,pos_281
1637,pos_282
1638,pos_283
1639,pos_284
1640,pos_285
1641,pos_286
1642,pos_287
1643,pos_288
1644,pos_289
1645,pos_290
1646,pos_291
1647,pos_292
1648,pos_293
1649,pos_294
1650,pos_295
1651,pos_296
1652,pos_297
1653,pos_298
1654,pos_299
1655,pos_300
1656,pos_301
1657,pos_302
1658,pos_303
1659,pos_304
1660,pos_305
1661,pos_306
1662,pos_307
1663,pos_308
1664,pos_309
1665,pos_310
1666,pos_311
1667,pos_312
1668,pos_313
1669,pos_314
1670,pos_315
1671,pos_316
1672,pos_317
1673,pos_318
1674,pos_319
1675,pos_320
1676,pos_321
1677,pos_322
1678,pos_323
1679,pos_324
1680,pos_325
1681,pos_326
1682,pos_327
1683,pos_328
1684,pos_329
1685,pos_330
1686,pos_331
1687,pos_332
1688,pos_333
1689,pos_334
1690,pos_335
1691,pos_336
1692,pos_337
1693,pos_338
1694,pos_339
1695,pos_340
1696,pos_341
1697,pos_342
1698,pos_343
1699,pos_344
1700,pos_345
1701,pos_346
1702,pos_347
1703,pos_348
1704,pos_349
1705,pos_350
1706,pos_351
1707,pos_352
1708,pos_353
1709,pos_354
1710,pos_355
1711,pos_356
1712,pos_357
1713,pos_358
1714,pos_359
1715,pos_360
1716,pos_361
1717,pos_362
1718,pos_363
1719,pos_364
1720,pos_365
1721,pos_366
1722,pos_367
1723,pos_368
1724,pos_369
1725,pos_370
1726,pos_371
1727,pos_372
1728,pos_373
1729,pos_374
1730,pos_375
1731,pos_376
1732,pos_377
1733,pos_378
1734,pos_379
1735,pos_380
1736,pos_381
1737,pos_382
1738,pos_383
1739,pos_384
1740,pos_385
1741,pos_386
1742,pos_387
1743,pos_388
1744,pos_389
1745,pos_390
1746,pos_391
1747,pos_392
1748,pos_393
1749,pos_394
1750,pos_395
1751,pos_396
1752,pos_397
1753,pos_398
1754,pos_399
1755,pos_400
1756,pos_401
1757,pos_402
1758,pos_403
1759,pos_404
1760,pos_405
1761,pos_406
1762,pos_407
1763,pos_408
1764,pos_409
1765,pos_410
1766,pos_411
1767,pos_412
1768,pos_413
1769,pos_414
1770,pos_415
1771,pos_416
1772,pos_417
1773,pos_418
1774,pos_419
1775,pos_420
1776,pos_421
1777,pos_422
1778,pos_423
1779,pos_424
1780,pos_425
1781,pos_426
1782,pos_427
1783,pos_428
1784,pos_429
1785,pos_430
1786,pos_431
1787,pos_432
1788,pos_433
1789,pos_434
1790,pos_435
1791,pos_436
1792,pos_437
1793,pos_438
1794,pos_439
1795,pos_440
1796,pos_441
1797,pos_442
1798,pos_443
1799,pos_444
1800,pos_445
1801,pos_446
1802,pos_447
1803,pos_448
1804,pos_449
1805,pos_450
1806,pos_451
1807,pos_452
1808,pos_453
1809,pos_454
1810,pos_455
1811,pos_456
1812,pos_457
1813,pos_458
1814,pos_459
1815,pos_460
1816,pos_461
1817,pos_462
1818,pos_463
1819,pos_464
1820,pos_465
1821,pos_466
1822,pos_467
1823,pos_468
1824,pos_469
1825,pos_470
1826,pos_471
1827,pos_472
1828,pos_473
1829,pos_474
1830,pos_475
1831,pos_476
1832,pos_477
1833,pos_478
1834,pos_479
1835,pos_480
1836,pos_481
1837,pos_482
1838,pos_483
1839,pos_484
1840,pos_485
1841,pos_486
1842,pos_487
1843,pos_488
1844,pos_489
1845,pos_490
1846,pos_491
1847,pos_492
1848,pos_493
1849,pos_494
1850,pos_495
1851,pos_496
1852,pos_497
1853,pos_498
1854,pos_499
1855,pos_500
1856,pos_501
1857,pos_502
1858,pos_503
1859,pos_504
1860,pos_505
1861,pos_506
1862,pos_507
1863,pos_508
1864,pos_509
1865,pos_510
1866,pos_511
1867,pos_512
1868,pos_513
1869,pos_514
1870,pos_515
1871,pos_516
1872,pos_517
1873,pos_518
1874,pos_519
1875,pos_520
1876,pos_521
1877,pos_522
1878,pos_523
1879,pos_524
1880,pos_525
1881,pos_526
1882,pos_527
1883,pos_528
1884,pos_529
1885,pos_530
1886,pos_531
1887,pos_532
1888,pos_533
1889,pos_534
1890,pos_535
1891,pos_536
1892,pos_537
1893,pos_538
1894,pos_539
1895,pos_540
1896,pos_541
1897,pos_542
1898,pos_543
1899,pos_544
1900,pos_545
1901,pos_546
1902,pos_547
1903,pos_548
1904,pos_549
1905,pos_550
1906,pos_551
1907,pos_552
1908,pos_553
1909,pos_554
1910,pos_555
1911,pos_556
1912,pos_557
1913,pos_558
1914,pos_559
1915,pos_560
1916,pos_561
1917,pos_562
1918,pos_563
1919,pos_564
1920,pos_565
1921,pos_566
1922,pos_567
1923,pos_568
1924,pos_569
1925,pos_570
1926,pos_571
1927,pos_572
1928,pos_573
1929,pos_574
1930,pos_575
1931,pos_576
1932,pos_577
1933,pos_578
1934,pos_579
1935,pos_580
1936,pos_581
1937,pos_582
1938,pos_583
1939,pos_584
1940,pos_585
1941,pos_586
1942,pos_587
1943,pos_588
1944,pos_589
1945,pos_590
1946,pos_591
1947,pos_592
1948,pos_593
1949,pos_594
1950,pos_595
1951,pos_596
1952,pos_597
1953,pos_598
1954,pos_599
1955,pos_600
1956,pos_601
1957,pos_602
1958,pos_603
1959,pos_604
1960,pos_605
1961,pos_606
1962,pos_607
1963,pos_608
1964,pos_609
1965,pos_610
1966,pos_611
1967,pos_612
1968,pos_613
1969,pos_614
1970,pos_615
1971,pos_616
1972,pos_617
1973,pos_618
1974,pos_619
1975,pos_620
1976,pos_621
1977,pos_622
1978,pos_623
1979,pos_624
1980,pos_625
1981,pos_626
1982,pos_627
1983,pos_628
1984,pos_629
1985,pos_630
1986,pos_631
1987,pos_632
1988,pos_633
1989,pos_634
1990,pos_635
1991,pos_636
1992,pos_637
1993,pos_638
1994,pos_639
1995,pos_640
1996,pos_641
1997,pos_642
1998,pos_643
1999,pos_644
2000,pos_645
2001,pos_646
2002,pos_647
2003,pos_648
2004,pos_649
2005,pos_650
2006,pos_651
2007,pos_652
2008,pos_653
2009,pos_654
2010,pos_655
2011,pos_656
2012,pos_657
2013,pos_658
2014,pos_659
2015,pos_660
2016,pos_661
2017,pos_662
2018,pos_663
2019,pos_664
2020,pos_665
2021,pos_666
2022,pos_667
2023,pos_668
2024,pos_669
2025,pos_670
2026,pos_671
2027,pos_672
2028,pos_673
2029,pos_674
2030,pos_675
2031,pos_676
2032,pos_677
2033,pos_678
2034,pos_679
2035,pos_680
2036,pos_681
2037,pos_682
2038,pos_683
2039,pos_684
2040,pos_685
2041,pos_686
2042,pos_687
2043,pos_688
2044,pos_689
2045,pos_690
2046,pos_691
2047,pos_692
2048,pos_693
2049,pos_694
2050,pos_695
2051,pos_696
2052,pos_697
2053,pos_698
2054,pos_699
2055,pos_700
2056,pos_701
2057,pos_702
2058,pos_703
2059,pos_704
2060,pos_705
2061,pos_706
2062,pos_707
2063,pos_708
2064,pos_709
2065,pos_710
2066,pos_711
2067,pos_712
2068,pos_713
2069,pos_714
2070,pos_715
2071,pos_716
2072,pos_717
2073,pos_718
2074,pos_719
2075,pos_720
2076,pos_721
2077,pos_722
2078,pos_723
2079,pos_724
2080,pos_725
2081,pos_726
2082,pos_727
2083,pos_728
2084,pos_729
2085,pos_730
2086,pos_731
2087,pos_732
2088,pos_733
2089,pos_734
2090,pos_735
2091,pos_736
2092,pos_737
2093,pos_738
2094,pos_739
2095,pos_740
2096,pos_741
2097,pos_742
2098,pos_743
2099,pos_744
2100,pos_745
2101,pos_746
2102,pos_747
2103,pos_748
2104,pos_749
2105,pos_750
2106,pos_751
2107,pos_752
2108,pos_753
2109,pos_754
2110,pos_755
2111,pos_756
2112,pos_757
2113,pos_758
2114,pos_759
2115,pos_760
2116,pos_761
2117,pos_762
2118,pos_763
2119,pos_764
2120,pos_765
2121,pos_766
2122,pos_767
2123,pos_768
2124,pos_769
2125,pos_770
2126,pos_771
2127,pos_772
2128,pos_773
2129,pos_774
2130,pos_775
2131,pos_776
2132,pos_777
2133,pos_778
2134,pos_779
2135,pos_780
2136,pos_781
2137,pos_782
2138,pos_783
2139,pos_784
2140,pos_785
2141,pos_786
2142,pos_787
2143,pos_788
2144,pos_789
2145,pos_790
2146,pos_791
2147,pos_792
2148,pos_793
2149,pos_794
2150,pos_795
2151,pos_796
2152,pos_797
2153,pos_798
2154,pos_799
2155,pos_800
2156,pos_801
2157,pos_802
2158,pos_803
2159,pos_804
2160,pos_805
2161,pos_806
2162,pos_807
2163,pos_808
2164,pos_809
2165,pos_810
2166,pos_811
2167,pos_812
2168,pos_813
2169,pos_814
2170,pos_815
2171,pos_816
2172,pos_817
2173,pos_818
2174,pos_819
2175,pos_820
2176,pos_821
2177,pos_822
2178,pos_823
2179,pos_824
2180,pos_825
2181,pos_826
2182,pos_827
2183,pos_828
2184,pos_829
2185,pos_830
2186,pos_831
2187,pos_832
2188,pos_833
2189,pos_834
2190,pos_835
2191,pos_836
2192,pos_837
2193,pos_838
2194,pos_839
2195,pos_840
2196,pos_841
2197,pos_842
2198,pos_843
2199,pos_844
2200,pos_845
2201,pos_846
2202,pos_847
2203,pos_848
2204,pos_849
2205,pos_850
2206,pos_851
2207,pos_852
2208,pos_853
2209,pos_854
2210,pos_855
2211,pos_856
2212,pos_857
2213,pos_858
2214,pos_859
2215,pos_860
2216,pos_861
2217,pos_862
2218,pos_863
2219,pos_864
2220,pos_865
2221,pos_866
2222,pos_867
2223,pos_868
2224,pos_869
2225,pos_870
2226,pos_871
2227,pos_872
2228,pos_873
2229,pos_874
2230,pos_875
2231,pos_876
2232,pos_877
2233,pos_878
2234,pos_879
2235,pos_880
2236,pos_881
2237,pos_882
2238,pos_883
2239,pos_884
2240,pos_885
2241,pos_886
2242,pos_887
2243,pos_888
2244,pos_889
2245,pos_890
2246,pos_891
2247,pos_892
2248,pos_893
2249,pos_894
2250,pos_895
2251,pos_896
2252,pos_897
2253,pos_898
2254,pos_899
2255,pos_900
2256,pos_901
2257,pos_902
2258,pos_903
2259,pos_904
2260,pos_905
2261,pos_906
2262,pos_907
2263,pos_908
2264,pos_909
2265,pos_910
2266,pos_911
2267,pos_912
2268,pos_913
2269,pos_914
2270,pos_915
2271,pos_916
2272,pos_917
2273,pos_918
2274,pos_919
2275,pos_920
2276,pos_921
2277,pos_922
2278,pos_923
2279,pos_924
2280,pos_925
2281,pos_926
2282,pos_927
2283,pos_928
2284,pos_929
2285,pos_930
2286,pos_931
2287,pos_932
2288,pos_933
2289,pos_934
2290,pos_935
2291,pos_936
2292,pos_937
2293,pos_938
2294,pos_939
2295,pos_940
2296,pos_941
2297,pos_942
2298,pos_943
2299,pos_944
2300,pos_945
2301,pos_946
2302,pos_947
2303,pos_948
2304,pos_949
2305,pos_950
2306,pos_951
2307,pos_952
2308,pos_953
2309,pos_954
2310,pos_955
2311,pos_956
2312,pos_957
2313,pos_958
2314,pos_959
2315,pos_960
2316,pos_961
2317,pos_962
2318,pos_963
2319,pos_964
2320,pos_965
2321,pos_966
2322,pos_967
2323,pos_968
2324,pos_969
2325,pos_970
2326,pos_971
2327,pos_972
2328,pos_973
2329,pos_974
2330,pos_975
2331,pos_976
2332,pos_977
2333,pos_978
2334,pos_979
2335,pos_980
2336,pos_981
2337,pos_982
2338,pos_983
2339,pos_984
2340,pos_985
2341,pos_986
2342,pos_987
2343,pos_988
2344,pos_989
2345,pos_990
2346,pos_991
2347,pos_992
2348,pos_993
2349,pos_994
2350,pos_995
2351,pos_996
2352,pos_997
2353,pos_998
2354,pos_999
2355,pos_1000
2356,pos_1001
2357,pos_1002
2358,pos_1003
2359,pos_1004
2360,pos_1005
2361,pos_1006
2362,pos_1007
2363,pos_1008
2364,pos_1009
2365,pos_1010
2366,pos_1011
2367,pos_1012
2368,pos_1013
2369,pos_1014
2370,pos_1015
2371,pos_1016
2372,pos_1017
2373,pos_1018
2374,pos_1019
2375,pos_1020
2376,pos_1021
2377,pos_1022
2378,pos_1023
2379,pos_1024
2380,pos_1025
2381,pos_1026
2382,pos_1027
2383,pos_1028
2384,pos_1029
2385,pos_1030
2386,pos_1031
2387,pos_1032
2388,pos_1033
2389,pos_1034
2390,pos_1035
2391,pos_1036
2392,pos_1037
2393,pos_1038
2394,pos_1039
2395,pos_1040
2396,pos_1041
2397,pos_1042
2398,pos_1043
2399,pos_1044
2400,pos_1045
2401,pos_1046
2402,pos_1047
2403,pos_1048
2404,pos_1049
2405,pos_1050
2406,pos_1051
2407,pos_1052
2408,pos_1053
2409,pos_1054
2410,pos_1055
2411,pos_1056
2412,pos_1057
2413,pos_1058
2414,pos_1059
2415,pos_1060
2416,pos_1061
2417,pos_1062
2418,pos_1063
2419,pos_1064
2420,pos_1065
2421,pos_1066
2422,pos_1067
2423,pos_1068
2424,pos_1069
2425,pos_1070
2426,pos_1071
2427,pos_1072
2428,pos_1073
2429,pos_1074
2430,pos_1075
2431,pos_1076
2432,pos_1077
2433,pos_1078
2434,pos_1079
2435,pos_1080
2436,pos_1081
2437,pos_1082
2438,pos_1083
2439,pos_1084
2440,pos_1085
2441,pos_1086
2442,pos_1087
2443,pos_1088
2444,pos_1089
2445,pos_1090
2446,pos_1091
2447,pos_1092
2448,pos_1093
2449,pos_1094
2450,pos_1095
2451,pos_1096
2452,pos_1097
2453,pos_1098
2454,pos_1099
2455,pos_1100
2456,pos_1101
2457,pos_1102
2458,pos_1103
2459,pos_1104
2460,pos_1105
2461,pos_1106
2462,pos_1107
2463,pos_1108
2464,pos_1109
2465,pos_1110
2466,pos_1111
2467,pos_1112
2468,pos_1113
2469,pos_1114
2470,pos_1115
2471,pos_1116
2472,pos_1117
2473,pos_1118
2474,pos_1119
2475,pos_1120
2476,pos_1121
2477,pos_1122
2478,pos_1123
2479,pos_1124
2480,pos_1125
2481,pos_1126
2482,pos_1127
2483,pos_1128
2484,pos_1129
2485,pos_1130
2486,pos_1131
2487,pos_1132
2488,pos_1133
2489,pos_1134
2490,pos_1135
2491,pos_1136
2492,pos_1137
2493,pos_1138
2494,pos_1139
2495,pos_1140
2496,pos_1141
2497,pos_1142
2498,pos_1143
2499,pos_1144
2500,pos_1145
2501,pos_1146
2502,pos_1147
2503,pos_1148
2504,pos_1149
2505,pos_1150
2506,pos_1151
2507,pos_1152
2508,pos_1153
2509,pos_1154
2510,pos_1155
2511,pos_1156
2512,pos_1157
2513,pos_1158
2514,pos_1159
2515,pos_1160
2516,pos_1161
2517,pos_1162
2518,pos_1163
2519,pos_1164
2520,pos_1165
2521,pos_1166
2522,pos_1167
2523,pos_1168
2524,pos_1169
2525,pos_1170
2526,pos_1171
2527,pos_1172
2528,pos_1173
2529,pos_1174
2530,pos_1175
2531,pos_1176
2532,pos_1177
2533,pos_1178
2534,pos_1179
2535,pos_1180
2536,pos_1181
2537,pos_1182
2538,pos_1183
2539,pos_1184
2540,pos_1185
2541,pos_1186
2542,pos_1187
2543,pos_1188
2544,pos_1189
2545,pos_1190
2546,pos_1191
2547,pos_1192
2548,pos_1193
2549,pos_1194
2550,pos_1195
2551,pos_1196
2552,pos_1197
2553,pos_1198
2554,pos_1199
2555,pos_1200
2556,pos_1201
2557,pos_1202
2558,pos_1203
2559,pos_1204
2560,pos_1205
2561,pos_1206
2562,pos_1207
2563,pos_1208
2564,pos_1209
2565,pos_1210
2566,pos_1211
2567,pos_1212
2568,pos_1213
2569,pos_1214
2570,pos_1215
2571,pos_1216
2572,pos_1217
2573,pos_1218
2574,pos_1219
2575,pos_1220
2576,pos_1221
2577,pos_1222
2578,pos_1223
2579,pos_1224
2580,pos_1225
2581,pos_1226
2582,pos_1227
2583,pos_1228
2584,pos_1229
2585,pos_1230
2586,pos_1231
2587,pos_1232
2588,pos_1233
2589,pos_1234
2590,pos_1235
2591,pos_1236
2592,pos_1237
2593,pos_1238
2594,pos_1239
2595,pos_1240
2596,pos_1241
2597,pos_1242
2598,pos_1243
2599,pos_1244
2600,pos_1245
2601,pos_1246
2602,pos_1247
2603,pos_1248
2604,pos_1249
2605,pos_1250
2606,pos_1251
2607,pos_1252
2608,pos_1253
2609,pos_1254
2610,pos_1255
2611,pos_1256
2612,pos_1257
2613,pos_1258
2614,pos_1259
2615,pos_1260
2616,pos_1261
2617,pos_1262
2618,pos_1263
2619,pos_1264
2620,pos_1265
2621,pos_1266
2622,pos_1267
2623,pos_1268
2624,pos_1269
2625,pos_1270
2626,pos_1271
2627,pos_1272
2628,pos_1273
2629,pos_1274
2630,pos_1275
2631,pos_1276
2632,pos_1277
2633,pos_1278
2634,pos_1279
2635,pos_1280
2636,pos_1281
2637,pos_1282
2638,pos_1283
2639,pos_1284
2640,pos_1285
2641,pos_1286
2642,pos_1287
2643,pos_1288
2644,pos_1289
2645,pos_1290
2646,pos_1291
2647,pos_1292
2648,pos_1293
2649,pos_1294
2650,pos_1295
2651,pos_1296
2652,pos_1297
2653,pos_1298
2654,pos_1299
2655,pos_1300
2656,pos_1301
2657,pos_1302
2658,pos_1303
2659,pos_1304
2660,pos_1305
2661,pos_1306
2662,pos_1307
2663,pos_1308
2664,pos_1309
2665,pos_1310
2666,pos_1311
2667,pos_1312
2668,pos_1313
2669,pos_1314
2670,pos_1315
2671,pos_1316
2672,pos_1317
2673,pos_1318
2674,pos_1319
2675,pos_1320
2676,pos_1321
2677,pos_1322
2678,pos_1323
2679,pos_1324
2680,pos_1325
2681,pos_1326
2682,pos_1327
2683,pos_1328
2684,pos_1329
2685,pos_1330
2686,pos_1331
2687,pos_1332
2688,pos_1333
2689,pos_1334
2690,pos_1335
2691,pos_1336
2692,pos_1337
2693,pos_1338
2694,pos_1339
2695,pos_1340
2696,pos_1341
2697,pos_1342
2698,pos_1343
2699,pos_1344
2700,pos_1345
2701,pos_1346
2702,pos_1347
2703,pos_1348
2704,pos_1349
2705,pos_1350
2706,pos_1351
2707,pos_1352
2708,pos_1353
2709,pos_1354
2710,pos_1355
2711,pos_1356
2712,pos_1357
2713,pos_1358
2714,pos_1359
2715,pos_1360
2716,pos_1361
2717,pos_1362
2718,pos_1363
2719,pos_1364
2720,pos_1365
2721,pos_1366
2722,pos_1367
2723,pos_1368
2724,pos_1369
2725,pos_1370
2726,pos_1371
2727,pos_1372
2728,pos_1373
2729,pos_1374
2730,pos_1375
2731,pos_1376
2732,pos_1377
2733,pos_1378
2734,pos_1379
2735,pos_1380
2736,pos_1381
2737,pos_1382
2738,pos_1383
2739,pos_1384
2740,pos_1385
2741,pos_1386
2742,pos_1387
2743,pos_1388
2744,pos_1389
2745,pos_1390
2746,pos_1391
2747,pos_1392
2748,pos_1393
2749,pos_1394
2750,pos_1395
2751,pos_1396
2752,pos_1397
2753,pos_1398
2754,pos_1399
2755,pos_1400
2756,pos_1401
2757,pos_1402
2758,pos_1403
2759,pos_1404
2760,pos_1405
2761,pos_1406
2762,pos_1407
2763,pos_1408
2764,pos_1409
2765,pos_1410
2766,pos_1411
2767,pos_1412
2768,pos_1413
2769,pos_1414
2770,pos_1415
2771,pos_1416
2772,pos_1417
2773,pos_1418
2774,pos_1419
2775,pos_1420
2776,pos_1421
2777,pos_1422
2778,pos_1423
2779,pos_1424
2780,pos_1425
2781,pos_1426
2782,pos_1427
2783,pos_1428
2784,pos_1429
2785,pos_1430
2786,pos_1431
2787,pos_1432
2788,pos_1433
2789,pos_1434
2790,pos_1435
2791,pos_1436
2792,pos_1437
2793,pos_1438
2794,pos_1439
2795,pos_1440
2796,pos_1441
2797,pos_1442
2798,pos_1443
2799,pos_1444
2800,pos_1445
2801,pos_1446
2802,pos_1447
2803,pos_1448
2804,pos_1449
2805,pos_1450
2806,pos_1451
2807,pos_1452
2808,pos_1453
2809,pos_1454
2810,pos_1455
2811,pos_1456
2812,pos_1457
2813,pos_1458
2814,pos_1459
2815,pos_1460
2816,pos_1461
2817,pos_1462
2818,pos_1463
2819,pos_1464
2820,pos_1465
2821,pos_1466
2822,pos_1467
2823,pos_1468
2824,pos_1469
2825,pos_1470
2826,pos_1471
2827,pos_1472
2828,pos_1473
2829,pos_1474
2830,pos_1475
2831,pos_1476
2832,pos_1477
2833,pos_1478
2834,pos_1479
2835,pos_1480
2836,pos_1481
2837,pos_1482
2838,pos_1483
2839,pos_1484
2840,pos_1485
2841,pos_1486
2842,pos_1487
2843,pos_1488
2844,pos_1489
2845,pos_1490
2846,pos_1491
2847,pos_1492
2848,pos_1493
2849,pos_1494
2850,pos_1495
2851,pos_1496
2852,pos_1497
2853,pos_1498
2854,pos_1499
2855,pos_1500
2856,pos_1501
2857,pos_1502
2858,pos_1503
2859,pos_1504
2860,pos_1505
2861,pos_1506
2862,pos_1507
2863,pos_1508
2864,pos_1509
2865,pos_1510
2866,pos_1511
2867,pos_1512
2868,pos_1513
2869,pos_1514
2870,pos_1515
2871,pos_1516
2872,pos_1517
2873,pos_1518
2874,pos_1519
2875,pos_1520
2876,pos_1521
2877,pos_1522
2878,pos_1523
2879,pos_1524
2880,pos_1525
2881,pos_1526
2882,pos_1527
2883,pos_1528
2884,pos_1529
2885,pos_1530
2886,pos_1531
2887,pos_1532
2888,pos_1533
2889,pos_1534
2890,pos_1535
2891,pos_1536
2892,pos_1537
2893,pos_1538
2894,pos_1539
2895,pos_1540
2896,pos_1541
2897,pos_1542
2898,pos_1543
2899,pos_1544
2900,pos_1545
2901,pos_1546
2902,pos_1547
2903,pos_1548
2904,pos_1549
2905,pos_1550
2906,pos_1551
2907,pos_1552
2908,pos_1553
2909,pos_1554
2910,pos_1555
2911,pos_1556
2912,pos_1557
2913,pos_1558
2914,pos_1559
2915,pos_1560
2916,pos_1561
2917,pos_1562
2918,pos_1563
2919,pos_1564
2920,pos_1565
2921,pos_1566
2922,pos_1567
2923,pos_1568
2924,pos_1569
2925,pos_1570
2926,pos_1571
2927,pos_1572
2928,pos_1573
2929,pos_1574
2930,pos_1575
2931,pos_1576
2932,pos_1577
2933,pos_1578
2934,pos_1579
2935,pos_1580
2936,pos_1581
2937,pos_1582
2938,pos_1583
2939,pos_1584
2940,pos_1585
2941,pos_1586
2942,pos_1587
2943,pos_1588
2944,pos_1589
2945,pos_1590
2946,pos_1591
2947,pos_1592
2948,pos_1593
2949,pos_1594
2950,pos_1595
2951,pos_1596
2952,pos_1597
2953,pos_1598
2954,pos_1599
2955,pos_1600
2956,pos_1601
2957,pos_1602
2958,pos_1603
2959,pos_1604
2960,pos_1605
2961,pos_1606
2962,pos_1607
2963,pos_1608
2964,pos_1609
2965,pos_1610
2966,pos_1611
2967,pos_1612
2968,pos_1613
2969,pos_1614
2970,pos_1615
2971,pos_1616
2972,pos_1617
2973,pos_1618
2974,pos_1619
2975,pos_1620
2976,pos_1621
2977,pos_1622
2978,pos_1623
2979,pos_1624
2980,pos_1625
2981,pos_1626
2982,pos_1627
2983,pos_1628
2984,pos_1629
2985,pos_1630
2986,pos_1631
2987,pos_1632
2988,pos_1633
2989,pos_1634
2990,pos_1635
2991,pos_1636
2992,pos_1637
2993,pos_1638
2994,pos_1639
2995,pos_1640
2996,pos_1641
2997,pos_1642
2998,pos_1643
2999,pos_1644
3000,pos_1645
3001,pos_1646
3002,pos_1647
3003,pos_1648
3004,pos_1649
3005,pos_1650
3006,pos_1651
3007,pos_1652
3008,pos_1653
3009,pos_1654
3010,pos_1655
3011,pos_1656
3012,pos_1657
3013,pos_1658
3014,pos_1659
3015,pos_1660
3016,pos_1661
3017,pos_1662
3018,pos_1663
3019,pos_1664
3020,pos_1665
3021,pos_1666
3022,pos_1667
3023,pos_1668
3024,pos_1669
3025,pos_1670
3026,pos_1671
3027,pos_1672
3028,pos_1673
3029,pos_1674
3030,pos_1675
3031,pos_1676
3032,pos_1677
3033,pos_1678
3034,pos_1679
3035,pos_1680
3036,pos_1681
3037,pos_1682
3038,pos_1683
3039,pos_1684
3040,pos_1685
3041,pos_1686
3042,pos_1687
3043,pos_1688
3044,pos_1689
3045,pos_1690
3046,pos_1691
3047,pos_1692
3048,pos_1693
3049,pos_1694
3050,pos_1695
3051,pos_1696
3052,pos_1697
3053,pos_1698
3054,pos_1699
3055,pos_1700
3056,pos_1701
3057,pos_1702
3058,pos_1703
3059,pos_1704
3060,pos_1705
3061,pos_1706
3062,pos_1707
3063,pos_1708
3064,pos_1709
3065,pos_1710
3066,pos_1711
3067,pos_1712
3068,pos_1713
3069,pos_1714
3070,pos_1715
3071,pos_1716
3072,pos_1717
3073,pos_1718
3074,pos_1719
3075,pos_1720
3076,pos_1721
3077,pos_1722
3078,pos_1723
3079,pos_1724
3080,pos_1725
3081,pos_1726
3082,pos_1727
3083,pos_1728
3084,pos_1729
3085,pos_1730
3086,pos_1731
3087,pos_1732
3088,pos_1733
3089,pos_1734
3090,pos_1735
3091,pos_1736
3092,pos_1737
3093,pos_1738
3094,pos_1739
3095,pos_1740
3096,pos_1741
3097,pos_1742
3098,pos_1743
3099,pos_1744
3100,pos_1745
3101,pos_1746
3102,pos_1747
3103,pos_1748
3104,pos_1749
3105,pos_1750
3106,pos_1751
3107,pos_1752
3108,pos_1753
3109,pos_1754
3110,pos_1755
3111,pos_1756
3112,pos_1757
3113,pos_1758
3114,pos_1759
3115,pos_1760
3116,pos_1761
3117,pos_1762
3118,pos_1763
3119,pos_1764
3120,pos_1765
3121,pos_1766
3122,pos_1767
3123,pos_1768
3124,pos_1769
3125,pos_1770
3126,pos_1771
3127,pos_1772
3128,pos_1773
3129,pos_1774
3130,pos_1775
3131,pos_1776
3132,pos_1777
3133,pos_1778
3134,pos_1779
3135,pos_1780
3136,pos_1781
3137,pos_1782
3138,pos_1783
3139,pos_1784
3140,pos_1785
3141,pos_1786
3142,pos_1787
3143,pos_1788
3144,pos_1789
3145,pos_1790
3146,pos_1791
3147,pos_1792
3148,pos_1793
3149,pos_1794
3150,pos_1795
3151,pos_1796
3152,pos_1797
3153,pos_1798
3154,pos_1799
3155,pos_1800
3156,pos_1801
3157,pos_1802
3158,pos_1803
3159,pos_1804
3160,pos_1805
3161,pos_1806
3162,pos_1807
3163,pos_1808
3164,pos_1809
3165,pos_1810
3166,pos_1811
3167,pos_1812
3168,pos_1813
3169,pos_1814
3170,pos_1815
3171,pos_1816
3172,pos_1817
3173,pos_1818
3174,pos_1819
3175,pos_1820
3176,pos_1821
3177,pos_1822
3178,pos_1823
3179,pos_1824
3180,pos_1825
3181,pos_1826
3182,pos_1827
3183,pos_1828
3184,pos_1829
3185,pos_1830
3186,pos_1831
3187,pos_1832
3188,pos_1833
3189,pos_1834
3190,pos_1835
3191,pos_1836
3192,pos_1837
3193,pos_1838
3194,pos_1839
3195,pos_1840
3196,pos_1841
3197,pos_1842
3198,pos_1843
3199,pos_1844
3200,pos_1845
3201,pos_1846
3202,pos_1847
3203,pos_1848
3204,pos_1849
3205,pos_1850
3206,pos_1851
3207,pos_1852
3208,pos_1853
3209,pos_1854
3210,pos_1855
3211,pos_1856
3212,pos_1857
3213,pos_1858
3214,pos_1859
3215,pos_1860
3216,pos_1861
3217,pos_1862
3218,pos_1863
3219,pos_1864
3220,pos_1865
3221,pos_1866
3222,pos_1867
3223,pos_1868
3224,pos_1869
3225,pos_1870
3226,pos_1871
3227,pos_1872
3228,pos_1873
3229,pos_1874
3230,pos_1875
3231,pos_1876
3232,pos_1877
3233,pos_1878
3234,pos_1879
3235,pos_1880
3236,pos_1881
3237,pos_1882
3238,pos_1883
3239,pos_1884
3240,pos_1885
3241,pos_1886
3242,pos_1887
3243,pos_1888
3244,pos_1889
3245,pos_1890
3246,pos_1891
3247,pos_1892
3248,pos_1893
3249,pos_1894
3250,pos_1895
3251,pos_1896
3252,pos_1897
3253,pos_1898
3254,pos_1899
3255,pos_1900
3256,pos_1901
3257,pos_1902
3258,pos_1903
3259,pos_1904
3260,pos_1905
3261,pos_1906
3262,pos_1907
3263,pos_1908
3264,pos_1909
3265,pos_1910
3266,pos_1911
3267,pos_1912
3268,pos_1913
3269,pos_1914
3270,pos_1915
3271,pos_1916
3272,pos_1917
3273,pos_1918
3274,pos_1919
3275,pos_1920
3276,pos_1921
3277,pos_1922
3278,pos_1923
3279,pos_1924
3280,pos_1925
3281,pos_1926
3282,pos_1927
3283,pos_1928
3284,pos_1929
3285,pos_1930
3286,pos_1931
3287,pos_1932
3288,pos_1933
3289,pos_1934
3290,pos_1935
3291,pos_1936
3292,pos_1937
3293,pos_1938
3294,pos_1939
3295,pos_1940
3296,pos_1941
3297,pos_1942
3298,pos_1943
3299,pos_1944
3300,pos_1945
3301,pos_1946
3302,pos_1947
3303,pos_1948
3304,pos_1949
3305,pos_1950
3306,pos_1951
3307,pos_1952
3308,pos_1953
3309,pos_1954
3310,pos_1955
3311,pos_1956
3312,pos_1957
3313,pos_1958
3314,pos_1959
3315,pos_1960
3316,pos_1961
3317,pos_1962
3318,pos_1963
3319,pos_1964
3320,pos_1965
3321,pos_1966
3322,pos_1967
3323,pos_1968
3324,pos_1969
3325,pos_1970
3326,pos_1971
3327,pos_1972
3328,pos_1973
3329,pos_1974
3330,pos_1975
3331,pos_1976
3332,pos_1977
3333,pos_1978
3334,pos_1979
3335,pos_1980
3336,pos_1981
3337,pos_1982
3338,pos_1983
3339,pos_1984
3340,pos_1985
3341,pos_1986
3342,pos_1987
3343,pos_1988
3344,pos_1989
3345,pos_1990
3346,pos_1991
3347,pos_1992
3348,pos_1993
3349,pos_1994
3350,pos_1995
3351,pos_1996
3352,pos_1997
3353,pos_1998
3354,pos_1999
3355,pos_2000
3356,pos_2001
3357,pos_2002
3358,pos_2003
3359,pos_2004
3360,pos_2005
3361,pos_2006
3362,pos_2007
3363,pos_2008
3364,pos_2009
3365,pos_2010
3366,pos_2011
3367,pos_2012
3368,pos_2013
3369,pos_2014
3370,pos_2015
3371,pos_2016
3372,pos_2017
3373,pos_2018
3374,pos_2019
3375,pos_2020
3376,pos_2021
3377,pos_2022
3378,pos_2023
3379,pos_2024
3380,pos_2025
3381,pos_2026
3382,pos_2027
3383,pos_2028
3384,pos_2029
3385,pos_2030
3386,pos_2031
3387,pos_2032
3388,pos_2033
3389,pos_2034
3390,pos_2035
3391,pos_2036
3392,pos_2037
3393,pos_2038
3394,pos_2039
3395,pos_2040
3396,pos_2041
3397,pos_2042
3398,pos_2043
3399,pos_2044
3400,pos_2045
3401,pos_2046
3402,pos_2047
3403,pos_2048
3404,pos_2049
3405,pos_2050
3406,pos_2051
3407,pos_2052
3408,pos_2053
3409,pos_2054
3410,pos_2055
3411,pos_2056
3412,pos_2057
3413,pos_2058
3414,pos_2059
3415,pos_2060
3416,pos_2061
3417,pos_2062
3418,pos_2063
3419,pos_2064
3420,pos_2065
3421,pos_2066
3422,pos_2067
3423,pos_2068
3424,pos_2069
3425,pos_2070
3426,pos_2071
3427,pos_2072
3428,pos_2073
3429,pos_2074
3430,pos_2075
3431,pos_2076
3432,pos_2077
3433,pos_2078
3434,pos_2079
3435,pos_2080
3436,pos_2081
3437,pos_2082
3438,pos_2083
3439,pos_2084
3440,pos_2085
3441,pos_2086
3442,pos_2087
3443,pos_2088
3444,pos_2089
3445,pos_2090
3446,pos_2091
3447,pos_2092
3448,pos_2093
3449,pos_2094
3450,pos_2095
3451,pos_2096
3452,pos_2097
3453,pos_2098
3454,pos_2099
3455,pos_2100
3456,pos_2101
3457,pos_2102
3458,pos_2103
3459,pos_2104
3460,pos_2105
3461,pos_2106
3462,pos_2107
3463,pos_2108
3464,pos_2109
3465,pos_2110
3466,pos_2111
3467,pos_2112
3468,pos_2113
3469,pos_2114
3470,pos_2115
3471,pos_2116
3472,pos_2117
3473,pos_2118
3474,pos_2119
3475,pos_2120
3476,pos_2121
3477,pos_2122
3478,pos_2123
3479,pos_2124
3480,pos_2125
3481,pos_2126
3482,pos_2127
3483,pos_2128
3484,pos_2129
3485,pos_2130
3486,pos_2131
3487,pos_2132
3488,pos_2133
3489,pos_2134
3490,pos_2135
3491,pos_2136
3492,pos_2137
3493,pos_2138
3494,pos_2139
3495,pos_2140
3496,pos_2141
3497,pos_2142
3498,pos_2143
3499,pos_2144
3500,pos_2145
3501,pos_2146
3502,pos_2147
3503,pos_2148
3504,pos_2149
3505,pos_2150
3506,pos_2151
3507,pos_2152
3508,pos_2153
3509,pos_2154
3510,pos_2155
3511,pos_2156
3512,pos_2157
3513,pos_2158
3514,pos_2159
3515,pos_2160
3516,pos_2161
3517,pos_2162
3518,pos_2163
3519,pos_2164
3520,pos_2165
3521,pos_2166
3522,pos_2167
3523,pos_2168
3524,pos_2169
3525,pos_2170
3526,pos_2171
3527,pos_2172
3528,pos_2173
3529,pos_2174
3530,pos_2175
3531,pos_2176
3532,pos_2177
3533,pos_2178
3534,pos_2179
3535,pos_2180
3536,pos_2181
3537,pos_2182
3538,pos_2183
3539,pos_2184
3540,pos_2185
3541,pos_2186
